artista,playcount,listeners,biografia_resumen,similares
Motionless In White,54097681,830847,"Motionless in White is an American heavy metal band from Scranton, Pennsylvania, formed in 2004. The current lineup includes lead vocalist Chris Cerulli, guitarists Ryan Sitkowski and Ricky Olson, drummer Vinny Mauro, and bassist Justin Morrow. Cerulli is the only remaining member of the original formation. The band‚Äôs name was inspired by the Eighteen Visions song ""Motionless and White.""

The band was initially signed to Fearless Records, under which they released their first three studio albums.","Ice Nine Kills, The Plot in You, Bad Omens, Black Veil Brides, Dark Divine"
Ramirez,22573467,603539,"1) a rapper from San Francisco.
Ramirez or Rvmirxz (both forms are used) is a rapper and co-founder of the independent record label G*59 with Ruby da Cherry and $crim (which he was a part of from 2013-2025). He draws influences from UGK, Tommy Wright lll, Three 6 Mafia, Outkast, DJ Screw, KeKe, and Andre Nickatina. He is currently 28 years old and he gained underground fame from making two collaboration mixtapes with the $uicideboy$.

2) A Brazillian indie rock band from Rio de Janeiro.","Scrim, Pouya & Ghostemane, Derek Pope, Gizmo, DJ Paul Elstak"
Celtian,238705,8382,"Celtian is a folk metal band from Spain founded in 2017 by the flautist Diego Palacio, and led on vocals by the singer Xana Lavey. Their sound is strongly inspired by bands that mix Heavy metal with folk music European as Wizard of Oz, Saurom, , among others. Eluveitie

Celtian
Country of origin:  Spain - Alcal√° de Henares, Community of Madrid
Formed in:  2017
Genre:  Symphonic Folk Metal
Current label: Maldito Records

Compilation appearance(s):","Saurom, Warcry, M√§go de Oz, Tierra Santa, Saratoga"
Erick the Architect,2661120,269448,"Erick Elliott, better known as Erick Arc Elliott or Erick the Architect, is an American rapper and record producer of Jamaican descent from Brooklyn, New York. A third of the hip hop trio, Flatbush ZOMBiES, Elliot has also released several solo projects.","Flatbush ZOMBiES, Meechy Darko, The Underachievers, CJ FLY, Nyck Caution"
L√®poka,21503,1636,Spanish folk metal band. They sound like Mago de Oz and Korpiklaani. This is the correct spelling of the name.,"Salduie, Debler, Ekyrian, Ab√§k, HADADANZA"
Imminence,10055411,188025,"Imminence is a Swedish metalcore band formed in Trelleborg, Sweden, in 2009. The group consists of vocalist Eddie Berg, lead guitarist Harald Barrett, rhythm guitarist Alex Arnoldsson, bassist Christian H√∂ijer and drummer Peter Hanstr√∂m. They are currently signed to Arising Empire and have released five studio albums. Their most recent studio album, The Black, was released on 12 May 2024.

The band was started in 2009 by Harald Barrett, with singer Eddie Berg joining shortly after.","Currents, Aviana, Architects, Silent Planet, Annisokay"
We Came As Romans,28208913,799434,"We Came as Romans (often abbreviated as WCAR) is an American metalcore band from Troy, Michigan. Formed in 2005, the band has undergone one name change and multiple line-up changes. In 2016, they signed with SharpTone Records after being part of the Equal Vision Records roster since 2009.

The band has released seven studio albums:
To Plant a Seed (2009)
Understanding What We've Grown to Be (2011)
Tracing Back Roots (2013)
We Came as Romans (2015)","Fit For A King, Memphis May Fire, Blessthefall, Woe, Is Me, The Word Alive"
ZillaKami,21383896,366153,"Junius Rogers (born September 20, 1998), known professionally as ZillaKami, is an American rapper and singer from Bay Shore, New York, though he lived in New York City from 2016 to 2018/19. Best known for his striking grillz, being half of City Morgue, his eccentric persona, MBF association, and provocative lyrics & music videos‚Äîwhich often depict drug abuse, violence, and nudity‚ÄîZillaKami‚Äôs controversial style began gaining traction online in early 2018.","City Morgue, SosMula, City Morgue, ZillaKami & SosMula, City Morgue & ZillaKami, ZillaKami & Lil Uzi Vert"
Germ,8506810,302788,"There are multiple artists with this name:

1) A project of Australian Tim Yatras (Austere, Grey Waters, ex-Nazxul, etc) that incorporates elements of depressive black metal, rock and electronic music. Germ was conceived in early 2006, and shortly afterward the ""Raving Mad With Sadness"" song appeared online. Since then Germ has remained out of the public eye, but in the Spring of 2009 he entered SLS Studios to record his debut album. However, the record was not completed until 2011.","Austere, An Autumn for Crippled Children, Woods of Desolation, Heretoir, Ghost Bath"
KXLLSWXTCH,16921726,786626,"Jonathan Robert Whitmer (born July 17, 1999), professionally known as Kxllswxtch, is a recording artist and songwriter from Orange County, California based in Miami, Florida. He is known for his screaming vocals and horror-inspired visuals often featuring knives and fighting.

Kxllswxtch began making music in 2017 and quickly gained a local following. He dropped several songs before releasing his first EP InVain on SoundCloud. He would go on to make much of his earlier music private.","do not resurrect, Kamaara, Faceless 1-7, ruzlxn, XZARKHAN"
Def Leppard,45684372,1779551,"Def Leppard is an English rock band formed in 1976 in Sheffield. Since 1992, the band has consisted of Rick Savage (bass, backing vocals), Joe Elliott (lead vocals), Rick Allen (drums, backing vocals), Phil Collen (guitar, backing vocals), and Vivian Campbell (guitar, backing vocals). They established themselves as part of the new wave of British heavy metal movement of the early 1980s.

The band's greatest commercial success came between the early 1980s and the early 1990s.","Poison, Ratt, Dokken, Van Halen, Tesla"
The Plot In You,18824222,404756,"The Plot in You is an American metalcore band formed in 2010 in Hancock County, Ohio. Originally a side project of former Before Their Eyes member Landon Tewers, the group is composed of Tewers, guitarist Josh Childress, bassist Ethan Yoder and drummer Michael Cooper.

The Plot in You have released three EPs and five studio albums. Their debut EP Wife Beater was released in 2010, followed by their first studio album First Born in 2011, and second studio album Could You Watch Your Children Burn in 2013.","Landon Tewers, Bad Omens, Currents, Motionless in White, Thousand Below"
TOOL,218494040,2514785,"Tool is an American alternative metal/progressive metal band from Los Angeles. Formed in 1990, the group's line-up includes vocalist Maynard James Keenan, guitarist Adam Jones and drummer Danny Carey. Justin Chancellor has been the band's bassist since 1995, replacing their original bassist Paul D'Amour. Tool has won four Grammy Awards, performed worldwide tours, and produced albums topping the charts in several countries.

To date, the band has released five studio albums, one EP and one box set.","A Perfect Circle, Puscifer, Rishloo, Karnivool, Gojira"
Brothers of Metal,5212238,135560,"Brothers of Metal is a Swedish power metal band formed in 2012 from Falun. Their first album Prophecy of Ragnar√∂k was released in November 2017. The band consists of three vocalists (two male, one female), three guitar players, a bass player, and a drummer. The band's visual style and lyrics are inspired by Vikings and Norse mythology, and are often purposefully over-the-top, which earns them both criticism and praise.

Brothers of Metal formed in 2012 with a vision to create ""true metal","Beast in Black, Bloodbound, Orden Ogan, Gloryhammer, Battle Beast"
I Prevail,29478252,549646,"I Prevail is an American metalcore band formed in Southfield, Michigan, in 2013. They released their first EP ‚ÄûHeart vs Mind‚Äù a year later. Their rise to popularity came after releasing a cover of Taylor Swift‚Äôs Blank Space (also in 2014), which ended up reaching certified platinum in the US. Since then, the band has released three albums:
- Lifelines in 2016, which reached #15 on the Billboard 200,
- Trauma in 2019, which became their most successful album yet - receiving both a Best Rock Album Grammy nomination","Wage War, Beartooth, Memphis May Fire, We Came as Romans, Dayseeker"
Slaughter to Prevail,9896093,249399,"ùó¶ùóπùóÆùòÇùó¥ùóµùòÅùó≤ùóø ùòÅùóº ùó£ùóøùó≤ùòÉùóÆùó∂ùóπ ‚Äî Russian Deathcore band. Originally formed in 2014 in Yekaterinburg, and now based in Orlando, Florida.
The group debuted with an EP titled Chapters of Misery in 2015 and followed up two years later with a full-length album, Misery Sermon. Their second album, Kostolom, released in 2021. The band is currently signed to Sumerian Records.

Discography:
Chapters of Misery - EPs (2015) Misery Sermon - (2017)Kostolom - (2021)Live In Moscow - (2023) Grizzly - (2025)","Alex Terrible, Lorna Shore, Brand of Sacrifice, PALEFACE SWISS, Signs of the Swarm"
Dayseeker,13539079,238293,"Dayseeker is an American rock/post-hardcore band from Orange County, California, formed in 2012. The band consists of vocalist Rory Rodriguez, guitarist Gino Sgambelluri, bassist Ramone Valerio and drummer Zac Mayfield. They are currently signed to Spinefarm Records and have released six studio albums. Their latest album, Creature In The Black Night, was released on October 24th, 2025.","Rain City Drive, Thousand Below, Caskets, Wind Walkers, Too Close to Touch"
Five Finger Death Punch,77842001,1535635,"Five Finger Death Punch, also known as 5FDP or FFDP, is an American heavy metal band from Las Vegas, Nevada, formed in 2005. The original lineup included vocalist Ivan Moody, rhythm guitarist Zoltan Bathory, lead guitarist Caleb Andrew Bingham, bassist Matt Snell, and drummer Jeremy Spencer. Bingham was replaced by guitarist Darrell Roberts in 2006, who was later succeeded by Jason Hook in 2009. Snell left the band in 2010 and was replaced by Chris Kael in 2011.","Disturbed, Godsmack, Bad Wolves, Hellyeah, Stone Sour"
Gojira,79569298,969706,"There are multiple artists called Gojira;

1) Gojira is a metal band from Bayonne, France. Their lyrics focus on life, ecology, and spiritual themes. They were formed in 1996 by brothers Joe Duplantier (vocals and lead guitar) and Mario Duplantier (drums), Christian Andreu (guitar) and Alexandre Cornillon (bass guitar). Cornillon left the band in 2001 and Jean-Michel Labadie became their bass player. Genres that they have been associated with over their career include death metal, progressive metal, thrash metal and groove metal.","Meshuggah, Mastodon, Opeth, Death, Lamb of God"
Savage Ga$p,6495635,276537,"Gaspare Magaddino (December 29, 1998), better know by his stage name Savage Ga$p, is an American artist. Gasp is best known for song Pumpkins Scream In the Dead of Night featuring artist shinigami.","buffalo_farm, Original God, Ronen, Powfu, I'm Geist"
Stratovarius,30500168,630214,"Stratovarius is a power metal band from Finland. They became more popular in the '90s, and throughout their career have inspired upcoming power metal bands with their baroque arranged keyboard solos & Ritchie Blackmore-like guitar portions.

Stratovarius was founded in Finland in 1984 from former members of the band Black Water. They went through a number of personnel and musical changes before the band found its own voice. In 1984, the name was changed to Stratovarius (a portmanteau of Stratocaster and Stradivarius), an idea of Str√•hlman's.","Sonata Arctica, HammerFall, Edguy, Helloween, Rhapsody"
Peyton Parrish,2049436,84059,I'm 20 years old from the state of Arizona! I'm a Country Pop Singer/Preformer making Covers currently while developing my Original music!,"Jonathan Young, Bad Wolves, Through Fire, Days of Jupiter, Cooper Alan"
Salduie,171337,9848,"From the lands of the ancient Sedetans, Salduie combine History and traditional instruments with all the forcefulness of modern metal with melodeath and djent influences.

Musically, Salduie incorporates traditional wind and string instruments such as flutes, bagpipes, bouzouki, violin, mandolin or banjo to which lyrical and guttural voices are added. This, added to the base formed by seven-string guitars, bass and drums, gives rise to a powerful and epic sound, but also melodic.","L√®poka, Ekyrian, Debler, HADADANZA, Ab√§k"
CORPSE,30272567,702795,"There are at least six bands and one artist with the name Corpse:

1) Corpse Husband (born August 8, 1997), or simply Corpse, is an American YouTuber from San Diego, California who is part of a community of YouTubers known as Horror Narration Channels. He is well known for having a very deep or low-pitched bass voice.

He made his musical debut in 2016, being featured on the single ""Grim Grinning Ghost"" by The Living Tombstone and Crusher P.

In June 2020","Anguish, GOTOUÂØÑÁîüÁç£, Kamaara, CORPSE, Bring Me The Horizon, Corpse, Savage Ga$p"
Amorphis,44331523,553972,"Amorphis is a Finnish progressive folk metal band started by Jan Rechberger, Tomi Koivusaari and Esa Holopainen in Helsinki, Finland in 1990. Amorphis absorbed and incorporated influences from many metal genres, and with time passing their sound evolved dramatically. Initially, the band was a Death Metal act, but with time they have evolved into making music that is more classifiable as Doom Metal with folk influences, and, more recently, Folk Metal and Symphonic Metal, utilizing increasingly complex arrangements and a less brutal sound.","Insomnium, Dark Tranquillity, Sentenced, In Mourning, Paradise Lost"
Kid Rock,15221830,1158262,"Kid Rock (born Robert James Ritchie on January 17, 1971 in Romeo, MI),  is an American singer-songwriter and rapper from Detroit with five Grammy Award nominations. Kid Rock is known for music that incorporates elements of hip-hop, rap metal, blues-rock, hard rock, southern rock, funk and country.

Kid Rock released several studio albums from 1988 that mostly went unnoticed before his 1998 record 'Devil Without a Cause', released with Atlantic Records, sold 11 million albums behind the hits, ""Bawitdaba"",""Cowboy,"" and ""Only God Knows Why"".","Uncle Kracker, Buckcherry, Theory of a Deadman, Nickelback, Bad Company"
Orbit Culture,6033039,121107,"Orbit Culture is a melodic death metal/groove metal band from Eksj√∂, Sweden. The idea of the band grew strong within singer & rhythm guitarist Niklas and lead guitarist Maximilian after messing around with some unpolished demos at home. At that time, Maximilian was currently playing with another local band called Abstract Noise, together with Orbit Culture‚Äôs fellow drummer Markus Bladh. Maximilian recruited Markus to join his new band, followed by the arrival of Christoffer Olsson on bass guitar.","Eye of the Enemy, The Halo Effect, Bloodred Hourglass, Wolfheart, Parasite Inc."
Sleep Token,132180298,750599,"Sleep Token is an English rock band formed in London in 2016. The members remain anonymous, performing while wearing masks. The band self-released their debut EP ""One"" in 2016 and followed it with the EP ""Two"" in 2017 after signing with Basick Records.

Sleep Token later signed with Spinefarm Records and released their first full-length album, ""Sundowning,"" in 2019. This was followed by ""This Place Will Become Your Tomb"" in 2021. Their third album","breakk.away, Bad Omens, Spiritbox, Sleep Theory, Thornhill"
The HU,4731718,274665,"The HU (""human"" in Mongol) is a Mongolian folk metal band formed in 2016. They use traditional Mongolian instrumentation, including the Morin khuur, Tovshuur and Mongolian throat singing, and call their style of music ""hunnu rock"". The name is inspired by the Hunnu, an ancient Mongol empire, known as Xiongnu in western culture. Some of the band's lyrics include old Mongolian war cries and poetry.
Two videos on YouTube released in Autumn 2018, ""Yuve Yuve Yu - 28 September"" and ""Wolf Totem - 16 November""","Nine Treasures, Tengger Cavalry, Korpiklaani, Corvus Corax, Turisas"
Beast In Black,10159949,190756,"Beast in Black is a metal band from Helsinki, Finland formed in 2015. Their current line-up consists of founding member Anton Kabanan (guitar), Yannis Papadopoulous (vocals), Kasperi Heikkinen (guitar), Mate Molnar (bass) and Atte Palokangas (drums). The only line-up change the band went through is when original drummer Sami H√§nninen left the band in 2017 for medical reasons. The band released one ep (Power of the Beast) and three full length albums (Berserker in 2017, From Hell with Love in 2019 & Dark Connection in 2021).","Battle Beast, Dynazty, Brothers of Metal, Bloodbound, Gloryhammer"
Angelus Apatrida,1360604,44933,"Born in March 2000, Angelus Apatrida became in a few years one of the most important Spanish thrash metal bands. Many demos and band members passed through the history of Angelus Apatrida, but it was in January 2003 when the band changed their attitude and image and decided to make a harder and faster music, nearer to that of bands like Pantera, Megadeth, Overkill, Anthrax or Annihilator.

The first album Evil Unleashed (Maldito Records, March 2006) made the band one of the biggest thrash metal acts in Spain","Crisix, Soziedad Alkoholika, Hatchet, Gama Bomb, Havok"
Wind Rose,4115685,176605,"Wind Rose is an Italian metal band. Its music style varied from progressive metal on early albums to folk metal on the latest, while also featuring symphonic power metal influence. The band's lyrics are inspired by fantasy fiction, with especial emphasis on mythological dwarves.

The name ""Wind Rose"" was chosen by Claudio, Daniele and Federico, the founding members of the band. They started practicing together in 2007 as a Dream Theater, Symphony X and Blind Guardian cover band, playing in a lot of live shows.","Gloryhammer, Powerwolf, Brothers of Metal, Orden Ogan, Alestorm"
Bad Wolves,6447457,354202,"Bad Wolves is a metal supergroup, composed of lead singer Daniel ""DL"" Laskiewicz (ex-guitarist of The Acacia Strain), guitarists Doc Coyle (ex-God Forbid) and Chris Cain (Bury Your Dead), drummer John Boecklin (ex-Devildriver) , and bassist Kyle Konkiel. 
Their original lead singer, Tommy Vext, was dismissed from the band in January 2021 on account of his political beliefs and accusations of violence against him. Their debut album ""Disobey"" was released on May 11","Through Fire, Five Finger Death Punch, Silent Theory, Gemini Syndrome, Light the Torch"
The Pretty Reckless,55049128,1236126,"The Pretty Reckless is an American alternative rock band from New York, United States. The current members are Taylor Momsen (lead vocals, rhythm guitar), Ben Phillips (lead guitar, backing vocals), Mark Damon (bass) and Jamie Perkins (drums). The band formed in 2009 when Momsen stated that she would quit acting after her television role Jenny Humphrey from the hit TV show Gossip Girl (2007-2012) to focus on her music career.

In 2010, they released their debut studio album Light Me Up.","Halestorm, Dorothy, Evanescence, Dead Sara, DIAMANTE"
Mastodon,83007321,1221844,"Mastodon is an American metal band from Atlanta, Georgia, formed in 2000. The group is composed of Troy Sanders (bass/vocals), Bill Kelliher (rhythm guitar/backing vocals), and Brann Dailor (drums/vocals). The band's lead guitarist was Brent Hinds from 1999-2025. Mastodon has released seven studio albums, as well as a number of other releases. The band's 2002 debut album, Remission, garnered significant critical acclaim for its unique sound. Mastodon's second full-length release","Baroness, Gojira, Opeth, The Ocean, Between the Buried and Me"
Black Label Society,37339748,976550,"Black Label Society is a heavy metal band formed by former Ozzy Osbourne/Pride & Glory guitar player Zakk Wylde in Los Angeles, California in 1998. They have released ten albums to date, eight of which are studio albums. The band, aside from Wylde consists of bassist John ""JD"" Deservio, drummer Jeff Fabb, and rhythm guitarist Dario Lorina.

The band is not to be confused with Zakk Wylde's solo project (sometimes known as Book of Shadows after its only album) or with Pride & Glory, Wylde's southern rock band.","Zakk Wylde, Pride & Glory, Down, Pantera, Zakk Sabbath"
Accept,21674449,707977,"Accept is a German heavy metal band from Solingen, formed in 1976 by guitarist Wolf Hoffmann, vocalist Udo Dirkschneider, and bassist Peter Baltes. The group has its origins in the late 1960s under the earlier name Band X. Over the years, Accept has undergone numerous lineup changes. Hoffmann is the only original member to remain in the band and has performed on all of its albums. As of 2024, Accept‚Äôs lineup includes Hoffmann, vocalist Mark Tornillo","U.D.O., Saxon, Judas Priest, Running Wild, Manowar"
Diggy Graves,1307522,46482,"Raised in the PNW, 30 year old Diggy Graves likes to describe his music as a melting pot of genres that ranges from rap to horror core. Diggy has been making music for most of his life and decided to create his persona behind the mask in 2020. You might know him from his most popular songs Red Vineyard and Circus Psycho. You can usually find him hidden in the woods making music in his cabin. He always looks forward to performing live and seeing all his loyal fans.","$carecrow, Resentvul, Witchouse 40k, Kill Dyll, Grim Salvo"
Parkway Drive,68544905,865245,"Parkway Drive is a metalcore band from Byron Bay, Australia.

The band formed in the summer of 2003, their name coming from the street they used to practice on in their home town of Byron Bay, Australia. Not long after they had formed, they released a split EP with Adelaide band I Killed The Prom Queen. Later that year, the band also made an appearance on the Byron Bay Hardcore compilation What We've Built, preceded by their debut EP, Don't Close Your Eyes.","Bury Tomorrow, The Ghost Inside, As I Lay Dying, Architects, August Burns Red"
Papa Roach,123861877,3588922,"Papa Roach is an American rock band from Vacaville, California, formed in 1993. The original lineup consisted of lead vocalist Jacoby Shaddix, guitarist Jerry Horton, drummer Dave Buckner, bassist Will James, and trombonist Ben Luther.

After two EPs, James left and was replaced by Tobin Esperance. The band independently released two more EPs before signing with DreamWorks Records in 1999, subsequently releasing the triple-platinum Infest in 2000, the gold album Lovehatetragedy in 2002 and the platinum album Getting Away with Murder in 2004.","Three Days Grace, P.O.D., Shinedown, Pop Evil, Saint Asonia"
Ghost,145570949,1541128,"1) Ghost, also formerly known as Ghost B.C. in the United States, is a Swedish metal band that was formed in Link√∂ping in 2006. In 2010, they released a three-track demo followed by a 7-inch vinyl titled ""Elizabeth"", and later their debut full-length album Opus Eponymous. The song ""Ritual"" was chosen by Kerrang! as one of ""The 50 Most Evil Songs Ever."" The Grammis-nominated album was widely praised and significantly increased their popularity. Their second album and major label debut","Volbeat, Ozzy Osbourne, Metallica, Avenged Sevenfold, Iron Maiden"
Fit For A King,11122591,236567,"Fit For A King is a metalcore band from Dallas, Texas, United States formed in 2007. The band comprises vocalist Ryan Kirby, bassist-vocalist Ryan ""Tuck"" O'Leary, guitarists Bobby Lynge and Daniel Gailey, and drummer Trent Celaya.

The band was formed in Dallas, Texas in 2007 by Jared Easterling, Aaron Decur, Justin Juno, Jared McFerron, Alex Danforth and Jed McNeill. The band had performed locally and regionally and released two EPs in their beginning years.","Wage War, Kingdom of Giants, We Came as Romans, Bury Tomorrow, Currents"
Skindred,15716049,611078,"Skindred is a four-piece ""ragga metal"" band from Newport, Wales. Their genre is an innovative mix of metal, punk, and reggae. The band was formed in 1999 following the disbandment of vocalist Benji Webbe's previous band, Dub War and his one-off side-project Mass Mental? featuring Robert Trujillo (Suicidal Tendencies, Infectious Grooves, Metallica) released the year prior.

The band initially came together with three of the four Dub War veterans with Jeff Rose and Martin Ford returning alongside Webbe, along with new bassist Daniel Pugsley.","Soil, Nonpoint, Dope, Dub War, Clawfinger"
Mot√∂rhead,80281286,2098062,"Mot√∂rhead was an English metal band formed in London in 1975 by bassist and lead vocalist Lemmy Kilmister, guitarist Larry Wallis and drummer Lucas Fox. Lemmy was also the primary songwriter and only constant member. The band are often considered a precursor to the new wave of British heavy metal, which re-energised heavy metal in the late 1970s and early 1980s. Though several guitarists and drummers have played in Mot√∂rhead, most of their best-selling","Judas Priest, Saxon, Black Sabbath, Dio, Accept"
Godsmack,55599027,1993699,"Godsmack is an American rock band from Lawrence, Massachusetts, formed in 1995. The band is currently composed of lead singer and rhythm guitarist Sully Erna and bassist Robbie Merrill. Since its formation, Godsmack has released eight studio albums, one EP (The Other Side), four DVDs, one compilation album (Good Times, Bad Times... Ten Years of Godsmack), and one live album (Live & Inspired).

The band has released three consecutive number-one albums (Faceless, IV and The Oracle) on the Billboard 200.","Drowning Pool, Disturbed, Five Finger Death Punch, Sully Erna, Soil"
Lamb of God,79964371,1422192,"Lamb of God is an American groove metal band, originally formed under the name Burn the Priest.

The roots of Lamb of God were planted in the year 1990, when Mark Morton, Chris Adler and John Campbell were friends at Virginia Commonwealth University. The trio began playing at Adler's house in Richmond weathering chilly conditions. ""There was no heat in the house,"" recalls Campbell. ""We would hang around the kerosene heaters, get really drunk and write metal songs. Fumes and Black Label beer were definitely what fueled our early days.""","Burn the Priest, DevilDriver, Chimaira, Machine Head, Trivium"
Apocalyptica,69279365,1612760,"Apocalyptica is a band from Helsinki, Finland consisting of three classically-trained cellists and a drummer. Their speciality is heavy metal music on cellos, though they also play classical music.

They started in 1993 by playing covers of Metallica, but once the concept became popular they wrote their own original works, maintaining the thrash metal influences on their albums Inquisition Symphony (mainly covers as well) and Cult. Since Reflections they have added drums to their recordings and live performances.","Nightwish, Epica, Tarja, Within Temptation, Therion"
Within Temptation,101318366,1354959,"Within Temptation is a Dutch symphonic metal/rock band founded in April 1996 by vocalist Sharon den Adel and guitarist Robert Westerholt.

The band went through numerous style changes, blending various genres throughout its career. Their debut album Enter and early singles were in vein of gothic metal.  From Mother Earth (2000) album onwards, the band shifted to symphonic metal genre, which brought Within Temptation to popularity. Their recent albums, starting with The Unforgiving (2011), lean towards  alternative rock  and  synth rock .","Delain, Xandria, Nightwish, Epica, Tarja"
Machine Head,49801536,1192150,"Machine Head is an American metal band from Oakland, California. The band was formed in 1991 by vocalist/guitarist Robb Flynn and bassist Adam Duce. The band's aggressive musicianship made it one of the pioneering bands in the new wave of American heavy metal, and it is also considered to be part of the second wave of thrash metal bands from the 1990s. Machine Head's current lineup comprises Flynn and bassist Jared MacEachern. Duce, guitarists Logan Mader","Chimaira, Lamb of God, Trivium, Soulfly, DevilDriver"
Spiritbox,40006293,492560,"Spiritbox is an alternative metal / metalcore / progressive metal band from Victoria, British Columbia, formed in 2017 by vocalist Courtney LaPlante and guitarist Mike Stringer.

Current lineup includes Courtney LaPlante, Mike Stringer, bassist Josh Gilbert, and drummer Zev Rosenberg. Former members have included Ryan Loerke (drums, 2018‚Äì2020) and Bill Crook (bass, 2018‚Äì2022).

They released their debut EP Spiritbox (2017), followed by Singles Collection (2019).","Thornhill, Silent Planet, Architects, Sleep Token, ERRA"
Amaranthe,24595003,344868,"Amaranthe is a Swedish/Danish band, originated from Gothenburg, Sweden, formed in 2008 that fuses melodic metal with pop melodies. Formed by Jake E (Dreamland, Dream Evil) and Olof M√∂rck (Dragonland, Nightrage), the project began taking shape, when singers Elize Ryd (toured with Kamelot) and Andreas Solvestrom (Cipher System, Within Y), signed on, as did drummer Morten L√∏we S√∏rensen (The Cleansing, Koldborn, Mercenary). Bassist Johan Andreassen","Battle Beast, Beyond the Black, Metalite, Ad Infinitum, Beast in Black"
Alien Ant Farm,21136014,1610622,"Alien Ant Farm is a rock band that was formed in 1995 in Riverside, California, United States. Having a sound mixing alternative rock with elements of metal, punk music, and more, the band consists of Dryden Mitchell (vocals, guitar), Terry Corso (guitar), Tye Zamora (bass) and Mike Cosgrove (drums). Taking their name from the popular sci-fi trope of aliens having created humanity for their own amusement, the band became internationally famous in","Taproot, Trapt, Adema, Hoobastank, CKY"
Saliva Grey,1757866,122626,,"Twentythree, Witchouse 40k, Grim Salvo, Kamaara, Faceless 1-7"
Avantasia,31344818,477615,"Avantasia is a German supergroup metal opera project created by Tobias Sammet, vocalist of the band Edguy. It has been characterized as a rock opera, as it features the contributions of various vocalists and musicians and it consists of concept albums. Conceived in 1999 as studio-only, two-album project, Avantasia has since released seven other studio albums and has toured the world multiple times. It can be divided into four periods of activity. The first","Edguy, Sonata Arctica, Kamelot, Masterplan, Gamma Ray"
Kreator,38496781,649757,"Kreator is a german thrash metal band from Essen (NRW), Germany. Originally, the band started off under the name Metal Militia, then as Tyrant and later as Tormentor before permanently deciding for Kreator in 1982. Initially playing a thrash metal with Venom influences, their style of music is similar to that of their compatriots Destruction and Sodom, which are considered the other two big teutonic thrash metal bands from Germany. All three of these bands are often credited with helping create the death metal subgenre.","Destruction, Sodom, Exodus, Testament, Overkill"
Shinedown,62622881,1725318,"Shinedown is a Hard Rock band from Jacksonville, Florida. Shinedown was formed in early 2002 by Brent Smith, Jasin Todd, Brad Stewart, and Barry Kerch. They have released seven albums on Atlantic Records: ""Leave a Whisper"" (2003),""Us and Them"" (2005), ""The Sound of Madness"" (2008), ""Amaryllis"" (2012), ""Threat to Survival"" (2015) , ""Attention Attention"" (2018) and 
""Planet Zero"" (2022). As of 2018, the band has had 23 Top 5 hits on Mainstream Rock radio, including 12 number one singles, and a Top 10 hit on the Hot 100 with ""Second Chance"".","Pop Evil, Theory of a Deadman, Seether, Saint Asonia, Saving Abel"
All Them Witches,7814836,285322,"All Them Witches is an explosive psychedelic trio from Nashville, Tennessee, USA Employing a heady, D.I.Y. blend of bluesy, neo-psychedelic rock, stoner metal, and progressive space rock, they emerged in 2012. The band's name is taken from a book of witchcraft, All of Them Witches, featured in the 1968 film Rosemary's Baby.

Nick Pipitone of Monster Riff described how the band are ""influenced just as much by Dr. John and Mississippi bluesman Junior","King Buffalo, Mars Red Sky, Graveyard, 1000mods, The Heavy Eyes"
A Day To Remember,151617725,1872076,"A Day to Remember is a post-hardcore band from Ocala, Florida, founded in 2003 by guitarist Tom Denney and drummer Bobby Scruggs. They are mainly known for their unusual amalgamation of metalcore and pop punk as a musical style, as well as playing other styles. The band consists of vocalist Jeremy McKinnon, rhythm guitarist and backing vocalist Neil Westfall, bassist Joshua Woodard, percussion and drummer Alex Shelnutt and lead guitarist Kevin Skaff.","Beartooth, Silverstein, We Came as Romans, Memphis May Fire, Blessthefall"
Saurom,1660505,38119,"Saurom (formerly Saurom Lamderth) is a Spanish folk metal band based in the city of San Fernando, C√°diz. Its lyrics are often about traditional legends and poems. Some of their songs deal with literature stories, like ""The Lord of the Rings"" or ""A Song of Ice and Fire.""","Warcry, Saratoga, Tierra Santa, Celtian, M√§go de Oz"
Sabaton,89100052,813602,"Sabaton is a Swedish heavy metal band from Falun, Sweden. The vast majority of their albums are written about historical events, mainly wars and significant battles. Sabaton has been referred to as one of the ""big four"" power metal bands, along with Helloween, Blind Guardian and DragonForce. They are one of the most successful metal bands in Swedish history, with their album Carolus Rex being the best-selling Swedish heavy metal album of all time.","Powerwolf, Civil War, Gloryhammer, Brothers of Metal, Beast in Black"
Caskets,8068770,263781,"Caskets, formed in 2018 under the name Captives, are a British post-hardcore band from Leeds, England.

The band was founded by bassist Christopher McIntosh, who played rhythm guitar at the time, Benji Wilson (lead guitar) and bassist Lee Horner, who together left their previous project Faultlines to pursue new projects. The band was completed with James Lazenby (drums) and Matthew Flood (vocals). Flood had previously played guitar and sang in the pop punk band Silhouettes.","Awaken I Am, Wind Walkers, Nerv, Rain City Drive, Until i Wake"
Hoobastank,46928121,2797901,"Hoobastank (sometimes stylized as h‚àûbastank, and originally known as Hoobustank) is an American rock band formed in 1994 in Agoura Hills, California. The founding members include lead vocalist Doug Robb, guitarist Dan Estrin, drummer Chris Hesse, and original bassist Markku Lappalainen. The group initially began as a Talking Heads cover band.

Hoobastank was signed to Island Records from 2001 to 2012 and has released six studio albums and one extended play.","3 Doors Down, Trapt, 12 Stones, Papa Roach, Sick Puppies"
Lorna Shore,18312148,276324,"Lorna Shore is an American symphonic deathcore/blackened deathcore band based in Warren County, New Jersey. The current formation includes lead vocalist Will Ramos, guitarists Adam De Micco and Andrew O'Connor, bassist Michael Yager and drummer Austin Archey.

The band was formed in 2009, as De Micco was originally joined by Ray Meoni, Aaron Brown, Jeff Moskovciak, Gary Herrera and Scott Cooper. After just a few months, however, Tom Barber joined Lorna Shore as their new vocalist","Shadow of Intent, Signs of the Swarm, Immortal Disfigurement, Whitechapel, Synestia"
Paleface Swiss,4805097,157088,"Paleface Swiss (formerly just Paleface) is a  slamming deathcore band from Zurich, Switzerland.

The band formed in 2017, releasing their debut EP 'Chapter 1: From the Gallows', the following year and the follow-up, 'Chapter 2: Witch King', in 2019. In 2020, they released their debut studio album, 'Chapter 3: The Last Selection'. In 2022, they released their second album 'Fear & Dagger', which was met with positive reception.

Paleface Swiss gained international recognition throughout the Deathcore and Beatdown Community.","Bodysnatcher, Left to Suffer, Signs of the Swarm, Spite, Kublai Khan TX"
Polaris,18759528,466300,"There are numerous bands named Polaris.
1. An alt metal/djent band from Australia
2. An indie pop/rock band from the United States
3. A punk band from England
4. A rock band from Japan
5. A DJ and producer from France
6. An electronic project from Poland
7. a post-hardcore band from the United Kingdom
8. an alternative rock band from Argentina
9. A power metal band from France
10. A techno band from Spain
11. A project of musician Neil Sutherland","Currents, Invent Animate, Alpha Wolf, ERRA, Silent Planet"
Powerwolf,27993201,380345,"Powerwolf, often stylized as POWERWOLF, is a German power metal band founded in 2003 in Saarbr√ºcken by members of Red Aim. The band consists of vocalist Karsten Brill as ""Attila Dorn"", lead guitarist Benjamin Buss as ""Matthew Greywolf"", bassist/rhythm guitarist David Vogt as ""Charles Greywolf"", keyboardist Christian Jost as ""Falk Maria Schlegel"" and drummer Roel van Helden. The group uses dark themes and images of the Roman Catholic church, werewolves and vampires.","Sabaton, Gloryhammer, Beast in Black, Wind Rose, Brothers of Metal"
Bad Omens,73156731,706937,"Bad Omens is an American metal band formed in 2015 in Richmond, Virginia by vocalist and producer Noah Sebastian, (then) guitarist Nicholas Ruffilo and bassist Vincent Riquier.

The current lineup of the band includes: Noah Sebastian (lead vocals, programming), Nicholas Ruffilo (bass, backing vocals), Joakim Karlsson (lead guitar, programming, backing vocals and rythm guitar) and Nick Folio (drums and percussions).

History
The first idea to form the band came in 2013 when Noah Sebastian, then guitarist of a Washington D.","Bring Me the Horizon, The Plot in You, Dayseeker, Motionless in White, Sleep Token"
Metallica,512723364,4982735,"Metallica is an American heavy metal band. The band was formed in 1981 in Los Angeles by vocalist/guitarist James Hetfield and drummer Lars Ulrich, and has been based in San Francisco for most of its career. The band's fast tempos, instrumentals and aggressive musicianship made them one of the founding ""big four"" bands of thrash metal, alongside Megadeth, Anthrax and Slayer. Metallica's current lineup comprises founding members and primary songwriters Hetfield and Ulrich, longtime lead guitarist Kirk Hammett and bassist Robert Trujillo.","Megadeth, Slayer, Pantera, Anthrax, Iron Maiden"
Alestorm,25210586,460443,"Alestorm is a multi-national folk metal band originally from Perth, Scotland. Their music is characterized by a pirate theme, and as a result they have been dubbed a ""pirate metal"" band by many critics and their fanbase.

After signing to Napalm Records in 2007, their debut album Captain Morgan's Revenge, was released on 25 January 2008. Black Sails at Midnight, the band's second album, was released on 27 May 2009. The band's third album, Back Through Time, was released on 3 June 2011.","Gloryhammer, Rumahoy, Korpiklaani, Wind Rose, Powerwolf"
Nevertel,2272478,93026,"Nevertel was formed in 2013 by Raul Lopez, Jeremy Michael, and Alec Davis. Though the three of them were all in different parts of the country, they all shared the same goal. With Raul in Boston, and Jeremy and Alec in two different locations of Florida, a challenge had presented itself. Together they worked on digitally assembling over 50 songs and they eventually cut it down to the 10 songs on Living Fiction.

Later that year Raul returned to Florida","ALESTI, From Ashes to New, Normandie, Line So Thin, Zero 9:36"
Def Con Dos,856023,30057,"Def Con Dos or DCD (Spanish for Def Con Two) is a metal rap band from Madrid, Spain.

Greatly influenced by hip hop bands Beastie Boys, Public Enemy, and Run D.M.C., and rock band Siniestro Total, they started rapping over hip hop bases created by producer Juli√°n Hern√°ndez (musician and singer of Siniestro Total). In their Segundo Asalto tape (1989), the sound still was basically hip hop, but they started using rock guitars. Since Armas pal pueblo, the sound has been evolving into rap metal, with touches of techno and nu metal.","S√¥ber, Narco, Hora Zulu, Habeas Corpus, Riot Propaganda"
Crazy Town,11273518,1192848,"Crazy Town, also known as CXT, was an American rap rock band formed in Los Angeles in 1995 by Bret ""Epic"" Mazur and Seth Brooks Binzer, known as Shifty Shellshock. The band gained mainstream success with the 2000 single ""Butterfly"", which reached number one on the US Billboard Hot 100 and significantly boosted sales of their debut album ""The Gift of Game"", released in 1999. The album sold over 1.6 million copies.

Their second studio album, ""Darkhorse""","Limp Bizkit, P.O.D., (hed) Planet Earth, Adema, 3rd Strike"
Children Of Bodom,94950941,1230391,"Children of Bodom was a Finnish melodic death metal band from Espoo, formed in 1993 under the name Inearthed. The final lineup before their disbandment in 2019 consisted of vocalist and guitarist Alexi Laiho, drummer Jaska Raatikainen, bassist Henkka Sepp√§l√§, keyboardist Janne Wirman, and guitarist Daniel Freyberg. Over the course of their career, the band released ten studio albums, three live albums, two EPs, two compilation albums, and one DVD.","Bodom After Midnight, Kalmah, Norther, Sinergy, Warmen"
The Word Alive,14366293,548000,"The Word Alive is an American melodic metalcore/alternative metal band from Phoenix, Arizona, formed in 2008, the band is currently signed to Fearless Records. Their 2009 label debut, Empire reached position 15 on the Top Heatseekers, meeting a great amount of positive acclaim upon its release in 2009. The following year, the group recorded and released their debut full-length album, Deceiver on August 31, 2010, which reached 97 on the Billboard 200 and 15 on Independent Albums.","Palisades, Blessthefall, Memphis May Fire, We Came as Romans, Like Moths to Flames"
Currents,16802770,256881,"1. Currents is an American metalcore band formed in Newtown, Connecticut in 2011 by former drummer Jeff Brown. After numerous line-up changes, they consist of singer Brian Wille, guitarists Ryan Castaldi and Chris Wiseman, bassist and backing vocalist Christian Pulgarin, and drummer Matt Young. Since 2018, no original members remain with the band. 

The band formed as We Came As Plague in 2009. They reformed as Currents and added Patrizio Arpaia on vocals to bring the band full circle.","Polaris, Invent Animate, Silent Planet, Kingdom of Giants, Aviana"
The Devil Wears Prada,50442675,868180,"The Devil Wears Prada is a metalcore band from Dayton, Ohio, formed in 2005. The band members include Mike Hranica (lead vocals, additional guitars), Jeremy DePoyster (rhythm guitar, vocals), Kyle Sipress (lead guitar, backing vocals), Jonathan Gering (keyboards, synthesizers, programming, backing vocals), Giuseppe Capolupo (drums), and Mason Nagy (bass). Former members include James Baney (keyboards, synthesizers, programming), Chris Rubey (lead guitar","Fit For A King, Like Moths to Flames, Silent Planet, Currents, We Came as Romans"
Slipknot,340404699,4053853,"Slipknot is an American heavy metal band formed in Des Moines, Iowa, in 1995 by percussionist Shawn Crahan, vocalist/percussionist Anders Colsefni, and bassist Paul Gray. Following several lineup changes, the group eventually established a nine-member formation:
Sid Wilson - turntables;
Joey Jordison - drums;
Paul Gray - bass guitar;
Chris Fehn - percussion;
Jim Root - guitar;
Craig ""133"" Jones - samples and keyboard;
Shawn ""Clown"" Crahan - percussion;","Korn, Stone Sour, System of a Down, Vended, Mudvayne"
Our Last Night,21744409,570356,"Our Last Night is a post-hardcore band from Hollis, New Hampshire, United States. The group formed in 2004 and is in recent years known for making post-hardcore and alternative metal cover versions of pop songs.

Albums:
Building Cities From Scratch (2005)
The Ghosts Among Us (2008)
We Will All Evolve (2010)
Age Of Ignorance (2012)
Younger Dreams (2015)
Let Light Overcome (2019)
Overcome The Darkness (2019)
Let Light Overcome The Darkness (2020)
Left Alone (2025)","Fame On Fire, Glass Tides, We Came as Romans, The Animal In Me, Palisades"
Killswitch Engage,83825176,1668764,"Killswitch Engage is an American metalcore band from Westfield, Massachusetts, formed in 1999 after the disbanding of Overcast and Aftershock. Killswitch Engage's current lineup consists of vocalist Jesse Leach, guitarists Joel Stroetzel and Adam Dutkiewicz, bassist Mike D'Antonio, and drummer Justin Foley (formerly in Blood Has Been Shed). The band has released nine studio albums and three live performance albums. Their ninth studio album, This Consequence, was released on February 21st, 2025.","Times of Grace, All That Remains, As I Lay Dying, Light the Torch, Trivium"
The Amity Affliction,25683790,384114,"The Amity Affliction is a post-hardcore band originally from Gympie, Queensland, Australia.

It seemingly took The Amity Affliction years to get their music together, releasing a demo in 2003 and a self-titled EP in 2004, but from the moment they released their High Hopes EP in 2007, the touring rampage began. In no time, The Amity Affliction was a household name amongst the hardcore community of Australia. Their mixture of metallic riffage, rock swagger and sing/scream vocal attacks made its mark on all who got in their way.","We Came as Romans, Beartooth, The Devil Wears Prada, Wage War, Of Mice & Men"
Wind Walkers,3655598,129510,"Hailing from the vibrant music scene of central Massachusetts, Wind Walkers are leading in redefining the very essence of post-hardcore and alternative metal. 

Alongside the instrumental expertise of Timothy Comeau and Neil Comeau on guitar, Craig Martin on bass, and Ethan Cheesman on drums, the pivotal moment of their evolution came with the addition of vocalist Trevor Borg. With his exceptional vocal prowess and captivating stage presence, he's added a new layer of depth and intensity to their already established sound.","Rain City Drive, Awaken I Am, Caskets, Until i Wake, Slaves"
Serj Tankian,41173449,1073691,"Serj Tankian (born August 21, 1967 in Beirut, Lebanon) is an Armenian-American singer. He started as a singer in the alternative metal band System of A Down and after they went on hiatus he continued his career as a solo artist and producer. He is known for his gritty yet wide vocal range. His solo output mixes various styles and genres, including metal, rock and Armenian musical motifs.

At age five, Serj Tankian moved with his parents to Los Angeles, California.","Daron Malakian and Scars on Broadway, System of a Down, Scars on Broadway, Viza, Stone Sour"
Ice Nine Kills,36238156,447901,"Ice Nine Kills is an American heavy metal band from Boston, Massachusetts. The band is currently signed to Fearless Records and is known for its horror-themed lyrics and theatrical style. It was originally formed in 2000 by high school friends Spencer Charnas and Jeremy Schwartz. Charnas remains the only founding member still active in the band.

Ice Nine Kills has released three extended plays and six full-length studio albums. These include ""Last Chance to Make Amends,"" ""Safe Is Just a Shadow,"" and ""The Predator Becomes the Prey.","Motionless in White, Famous Last Words, I Prevail, The Funeral Portrait, Dark Divine"
Blind Guardian,76233555,848223,"Blind Guardian is a German power metal band formed in 1984 in Krefeld, West Germany. They are often credited as one of the seminal and most influential bands in the power metal and speed metal subgenres. Nine musicians have been a part of the band's lineup in its history, which currently consists of singer Hansi K√ºrsch, guitarists Andr√© Olbrich and Marcus Siepen, and, since 2005, drummer Frederik Ehmke.

Blind Guardian is a part of the German heavy metal scene that emerged in the mid-1980s.","Demons & Wizards, Gamma Ray, Helloween, Blind Guardian Twilight Orchestra, HammerFall"
LANDMVRKS,8464819,209776,"Marseille (France) based metalcore band, LANDMVRKS was created in 2014.

The band‚Äôs founding lineup included singer Florent Salfati, drummer Nicolas Soriano, bassist Rudy Purkart and guitarists Nicolas Exposito and Thomas Lebreton.

They released their first music video ‚ÄúMeaningless‚Äù in August 2014 as their first single and month after month they released others music videos as ‚ÄúEmpty Place‚Äù ‚ÄúOutside and In‚Äù and ‚ÄúWinter‚Äù featuring Matt√©o from the band Novelists.","Resolve, Polaris, Novelists, Bury Tomorrow, Currents"
Dynazty,3497160,115224,"Dynazty was formed in early 2008 by five young talents. This thunderous metal group dominated the Swedish live scene with its flamboyant shows and powerful anthems for many months before hooking up with producer Chris Laney to record a debut album.

For one month Dynazty worked with Laney at the Polar Studios in Stockholm, creating a fierce album that will make a lasting impression. This masterpiece will be known as ""BRING THE THUNDER"" and will be released worldwide on PERRIS RECORDS 2nd of June 2009.","Beast in Black, Battle Beast, Bloodbound, Temperance, New Horizon"
Lindemann,9190413,208342,"Lindemann is a German musical project fronted by vocalist Till Lindemann. It was formed in 2013 as a super-duo alongside Swedish multi-instrumentalist Peter T√§gtgren. T√§gtgren originally defined their sound as a cross between his project Pain and Lindemann's main band Rammstein, adding ""at least it's a mix of Rammstein vocals and Pain music."" Together, they released the two albums Skills in Pills (2015) and F & M (2019). T√§gtgren departed Lindemann in 2020, leaving Lindemann as a solo project.","Till Lindemann, Rammstein, Emigrate, Eisbrecher, Heldmaschine"
HAARPER,21083887,481117,"Richard McLaughlin (born March 5, 1994), more commonly known by his stage name HAARPER, is a Hip-Hop artist based in Los Angeles, California. He grew up in the San Francisco Bay Area and started making music as a teenager. He released his first song in 2016.","MAKAVELIGODD, Bleed The Wicked Menace, Sxmpra, TUNDRAMANE, do not resurrect"
Ghostemane,41885864,812052,"Eric Whitney (born 15 April 1991),[2] known professionally as Ghostemane is an American artist and musician from Lake Worth, Florida.

Growing up in Florida, Whitney was originally a guitar player for hardcore and doom metal bands.[3] Whitney moved to Los Angeles, California after starting his career as a rapper eventually finding success in the underground.


Eric Whitney was born 15 April 1991 in Lake Worth, Florida to parents from New York. Whitney grew up in West Palm Beach, Florida.","Ghostemane, Parv0, $uicideboy$, Bones, Bleed The Wicked Menace, Pouya"
Architects,73084888,787932,"Architects is a mathcore/metalcore/alternative metal band from Brighton, East Sussex, United Kingdom, formed in 2004 by twin brothers Dan and Tom Searle. As drummer and guitarist, respectively, they were joined by guitarist Tim Hillier-Brook, bassist Tim Lucas, and vocalist Matt Johnson. Strongly influenced by the Dillinger Escape Plan, their initial sound was coarse, chaotic, and rhythmically complex. Lucas was soon replaced by Alex Dean while Johnson left after the release of their debut album Nightmares (2006).","Imminence, Polaris, While She Sleeps, Currents, Bury Tomorrow"
Battle Beast,8337119,165366,"There are two bands named Battle Beast.

1) Battle Beast is a Finnish heavy metal / power metal band established in Helsinki in 2005. The initial line-up consisted of guitarists, Juuso Soinio and Anton Kabanen, and drummer Pyry Vikki, who were high school friends. The rest of the original lineup, bassist Eero Sipil√§, keytarist Janne Bj√∂rkroth, and lead singer Nitte Valo, joined the band after auditions. Before gaining a record contract, Battle Beast","Beast in Black, Dynazty, Amaranthe, Bloodbound, Metalite"
Epica,56873383,708143,"Epica is a Dutch symphonic metal band founded by guitarist and vocalist Mark Jansen after his departure from After Forever. Originally formed as a symphonic metal band with gothic influences, Epica later incorporated strong death metal elements into their sound. Starting with their third album, progressive metal influences also became evident. Additionally, the band often incorporates thrash metal and groove metal riffs, black metal elements (particularly in drumming techniques), power metal sections, and influences from Arabic music.","Xandria, Nightwish, Within Temptation, Delain, After Forever"
Bring Me The Horizon,300139927,2689601,"Bring Me the Horizon is a British metalcore/pop rock/electronic band formed in Sheffield, England, in 2004. The group currently consists of lead vocalist Oli Sykes, drummer Matt Nicholls, guitarist Lee Malia, and bassist Matt Kean. They are signed to RCA Records globally and to Columbia Records in the United States.

The band released its debut album ""Count Your Blessings"" in 2006. The album featured a deathcore style that received mixed reactions and generally unfavorable reviews from critics.","Bad Omens, The Plot in You, Motionless in White, Asking Alexandria, Architects"
WWE,15995290,454347,"World Wrestling Entertainment, LLC. (WWE) is a publicly-traded, privately-controlled integrated media (focusing in television, Internet, and live events) and sports entertainment company dealing primarily in professional wrestling, with major revenue sources also coming from film, music, product licensing, and direct product sales. 

The vast majority of music used at WWE events is written and recorded by artists either working for WWE directly (such as Jimmy Hart","All Elite Wrestling, Joe Hendry, WWE & Jim Johnston, Jim Johnston, CFO$"
Eluveitie,48140973,520580,"Eluveitie is a folk metal band from Winterthur, Switzerland. The founder of this band was Chrigel Glanzmann. The band formed in 2002 and their first EP, ""V√™n"" came out in 2003. They describe themselves as ""The new wave of folk metal"". The band then released a full-length album, ""Spirit"" in June 2006. In November 2007, Eluveitie was signed by Nuclear Blast. The first product of the collaboration, ""Slania"", was released in February 2008. The album peaked at number 35 in the Swiss charts and number 72 in the German charts.","Ensiferum, Equilibrium, Korpiklaani, SuidAkrA, Cruachan"
Trivium,80576246,1337092,"Trivium is a heavy metal band which formed in Orlando, Florida, United States in 1999. The band currently consists of Matt Heafy (vocals, guitar), Corey Beaulieu (guitar), Paolo Gregoletto (bass) and Alex Bent (drums). Heafy is the band's only remaining original member. 

Trivium crosses multiple heavy metal genres such as thrash metal, alternative metal, groove metal, and heavy metal. Their style has evolved over the years from their earliest work on Ember to Inferno right through to In Waves.","Bullet for My Valentine, Killswitch Engage, All That Remains, As I Lay Dying, Machine Head"
DragonForce,38756513,1132591,"DragonForce is a British power metal band based in London, England. Formed in 1999, the group is known for their long and fast guitar solos, fantasy-themed lyrics, and electronic sounds in their music to add to their retro video game-influenced sound. DragonForce has released seven studio albums, two live albums, one compilation album, one live DVD and one demo.

History - Early years and Valley of the Damned (1999‚Äì2003).
DragonForce was founded in 1999 by guitarists Herman Li and Sam Totman, under the name of DragonHeart.","Twilight Force, Freedom Call, Gloryhammer, Rhapsody of Fire, Sonata Arctica"
Rammstein,309956266,3006046,"Rammstein is a German Neue Deutsche H√§rte band formed in Berlin in 1994. The group‚Äôs lineup‚Äîconsisting of Till Lindemann (lead vocals), Richard Kruspe (lead guitar), Paul Landers (rhythm guitar), Oliver Riedel (bass), Christoph Schneider (drums), and Christian ""Flake"" Lorenz (keyboards)‚Äîhas remained unchanged throughout their career. Their songwriting process typically involves Lindemann composing and performing lyrics to instrumental arrangements written by the rest of the band.","Lindemann, Till Lindemann, Emigrate, Eisbrecher, OOMPH!"
From Ashes to New,6436161,239909,"Alt/nu-metal band from Pennsylvania, formed by and centred around vocalist/guitarist Matt Brandyberry.

The idea behind From Ashes to New, was to do something fresh and meaningful. By taking every kind of music that influences them, FATN is able to create a sound that is not only refreshing but also makes you feel as if you've known it all along. With songs geared toward everyday struggles and uplifting lyrics in the direction of self betterment; From Ashes to New looks to capture the attention of listeners from all walks of music.","Silent Theory, Through Fire, Fight the Fade, Sleep Theory, From Fall to Spring"
As I Lay Dying,63144878,1105891,"As I Lay Dying is an American metalcore band from San Diego, California, formed in 2000 by vocalist Tim Lambesis. The first complete lineup, which included drummer Jordan Mancino, was established in 2001. The band has released eight studio albums, one split album, and two compilation albums.

The fourth studio album, ""An Ocean Between Us,"" peaked at number 8 on the Billboard 200 and number 1 on the Top Rock chart. The band has performed at festivals including Wacken Open Air","All That Remains, Unearth, Killswitch Engage, August Burns Red, Miss May I"
Ozzy Osbourne,90608277,3003049,"Ozzy Osbourne (born John Michael Osbourne in Marston Green, Warwickshire, on 3 December 1948; died 22 July 2025) was an English singer, songwriter, and media personality remembered as the lead vocalist of the heavy metal band Black Sabbath, during which period he adopted the nickname ""Prince of Darkness"". On 5 July 2025, Osbourne performed his final show at the ""Back to the Beginning"" concert event. 

He was inducted into the Rock and Roll Hall of Fame as a member of Black Sabbath in 2006 and as a solo artist in 2024.","Black Sabbath, Dio, Judas Priest, Iron Maiden, Kiss"
Arch Enemy,60746239,899244,"Arch Enemy is a Swedish melodic death metal band, originally a supergroup from Halmstad, formed in 1995. Its members were in bands such as Carcass, Armageddon, Carnage, Mercyful Fate, Spiritual Beggars, The Agonist, Nevermore, and Eucharist. It was founded by Carcass guitarist Michael Amott along with Johan Liiva, who were both originally from the death metal band Carnage. The band has released eleven studio albums, three live albums, three video albums and four EPs.","Amon Amarth, The Halo Effect, In Flames, Soilwork, Dark Tranquillity"
Amon Amarth,74099783,822908,"Amon Amarth is a Swedish melodic death metal band from Tumba, formed in 1992. The band takes its name from the Sindarin name of Mount Doom, a volcano in J. R. R. Tolkien's Middle-earth. Their lyrics mostly deal with Viking mythology and history, and so they have been sometimes erroneously labeled ""Viking metal"", although the band insists they play melodic death metal.

The band is composed of lead guitarist Olavi Mikkonen, vocalist Johan Hegg, bassist Ted Lundstr√∂m, rhythm guitarist Johan S√∂derberg, and drummer Jocke Wallgren.","Arch Enemy, Ensiferum, Insomnium, Dark Tranquillity, Kalmah"
STARSET,25650655,506981,"Starset is an American alternative rock band formed in 2013 in Columbus, Ohio, by lead vocalist and Downplay former member Dustin Bates

The current lineup consistst of: Dustin Bates (lead vocals, keyboards, piano, synths and guitars), Ron DeChant (bass, keyboards and backing vocals), Brock Richards (guitars and backing vocals) and Adam Gilbert (drums and percussion).

They released their debut studio album, Transmissions, in 2014 with the label Razor & Tie, followed by a second studio album, Vessels, in 2017.","Downplay, Written by Wolves, Red, Project Vela, Breaking Benjamin"
Lil Darkie,51877081,667970,"Joshua Hamilton also known as his stage name ""Lil Darkie'' is a rapper, producer, and artist from Long Beach, California. 

He formally went as ""Brahman"" with a blue character, as he believed the Indian god Kali Ma was blue, after realizing that Kali Ma is portrayed with black skin, he rebranded as Lil Darkie and changed his sound alongside with the new persona. The Brahman period lasted a significant amount of time and even had a Collective before the Collective he has as Darkie named ""Spider Gang""","Spider Gang, Afourteen, ISSBROKIE, GODHANDUSA, Mkultra"
Scarlxrd,17369693,322447,"Marius Listhrop (born 19 June 1994), known professionally as Scarlxrd (pronounced ""scarlord""), is a English musician. He is known for his unusual musical style combining elements of trap music with influences from metal music. Formerly a YouTube personality known as Mazzi Maz, Scarlxrd began a career in music as the lead vocalist for nu metal band Myth City, before debuting as a rapper under his Scarlxrd moniker.

By February 2017, Listhrop removed","PRXJEK, BvdLvd, Kamiyada+, Jasiah, nascar aloe"
Memphis May Fire,20878954,518819,"Memphis May Fire is a metalcore band with southern rock influences (previously post-hardcore) currently based in Dallas, Texas. The band formed in December 2006, but it was not until February 2007 that the group decided on the name Memphis May Fire having previously gone by ""O Captain, My Captain!"". Since its formation, the band has released two EPs and six full-length albums, the latest being Shapeshifter which was released in March 2025.

In early 2007, the band recorded and self-released an EP, and began creating a local following.","Wage War, We Came as Romans, Fit For A King, Of Mice & Men, Until i Wake"
In Flames,194236096,1575911,"In Flames is a Swedish metal band, formed by guitarist Jesper Str√∂mblad in Gothenburg in 1990 out of the Swedish death metal scene. Their lineup has changed several times, with vocalist Anders Frid√©n and guitarist Bj√∂rn Gelotte being the only consistent members since 1995. Since the departure of Str√∂mblad in 2010, no original members remain with the band. In Flames helped pioneer melodic death metal along with fellow Swedish bands At the Gates and Dark Tranquillity. The band has sold over two million records worldwide.","Soilwork, Dark Tranquillity, The Halo Effect, Arch Enemy, Insomnium"
